INSERT INTO core_ui_security.application_authority (id, name, description) VALUES (1, 'ROOT', 'Can do everything except access developer contents.');
INSERT INTO core_ui_security.application_authority (id, name, description) VALUES (2, 'DEVELOPER', 'Can only access developer contents. Cannot create users.');
INSERT INTO core_ui_security.application_authority (id, name, description) VALUES (3, 'ADMINISTRATOR', 'Can manage application users and settings. Cannot edit data.');
INSERT INTO core_ui_security.application_authority (id, name, description) VALUES (4, 'USER', 'Can access dashboard. Can perform CRUD operations on data.');
INSERT INTO core_ui_security.application_authority_rel_user (authority, user) VALUES (1, 1);
INSERT INTO core_ui_security.application_authority_rel_user (authority, user) VALUES (2, 2);
INSERT INTO core_ui_security.application_authority_rel_user (authority, user) VALUES (3, 3);
INSERT INTO core_ui_security.application_authority_rel_user (authority, user) VALUES (4, 4);
INSERT INTO core_ui_security.application_authority_rel_user (authority, user) VALUES (4, 12);
INSERT INTO core_ui_security.application_authority_rel_user (authority, user) VALUES (2, 13);
INSERT INTO core_ui_security.application_authority_rel_user (authority, user) VALUES (1, 14);
INSERT INTO core_ui_security.application_privilege (id, name, description) VALUES (1, 'dashboard.access', 'Can access dashboard.');
INSERT INTO core_ui_security.application_privilege (id, name, description) VALUES (2, 'theme.colors.access', 'Can access theme/colors page.');
INSERT INTO core_ui_security.application_privilege (id, name, description) VALUES (3, 'theme.typography.access', 'Can access theme/typography page.');
INSERT INTO core_ui_security.application_privilege (id, name, description) VALUES (4, 'components.base.breadcrumbs.access', 'Can access components/breadcrumbs page.');
INSERT INTO core_ui_security.application_privilege (id, name, description) VALUES (5, 'components.base.cards.access', 'Can access components/cards page.');
INSERT INTO core_ui_security.application_privilege (id, name, description) VALUES (6, 'components.base.carousels.access', 'Can access components/carousels page.');
INSERT INTO core_ui_security.application_privilege (id, name, description) VALUES (7, 'components.base.collapses.access', 'Can access components/collapses page.');
INSERT INTO core_ui_security.application_privilege (id, name, description) VALUES (8, 'components.base.jumbotrons.access', 'Can access components/jumbotrons page.');
INSERT INTO core_ui_security.application_privilege (id, name, description) VALUES (9, 'components.base.listgroups.access', 'Can access components/listgroups page.');
INSERT INTO core_ui_security.application_privilege (id, name, description) VALUES (10, 'components.base.navs.access', 'Can access components/navs page.');
INSERT INTO core_ui_security.application_privilege (id, name, description) VALUES (11, 'components.base.navbars.access', 'Can access components/navbars page.');
INSERT INTO core_ui_security.application_privilege (id, name, description) VALUES (12, 'components.base.paginations.access', 'Can access components/paginations page.');
INSERT INTO core_ui_security.application_privilege (id, name, description) VALUES (13, 'components.base.popovers.access', 'Can access components/popovers page.');
INSERT INTO core_ui_security.application_privilege (id, name, description) VALUES (14, 'components.base.progressbars.access', 'Can access components/progresbars page.');
INSERT INTO core_ui_security.application_privilege (id, name, description) VALUES (15, 'components.base.switches.access', 'Can access components/switches page.');
INSERT INTO core_ui_security.application_privilege (id, name, description) VALUES (16, 'components.base.tabs.access', 'Can access components/tabs page.');
INSERT INTO core_ui_security.application_privilege (id, name, description) VALUES (17, 'components.base.tooltips.access', 'Can access components/tooltips page.');
INSERT INTO core_ui_security.application_privilege (id, name, description) VALUES (18, 'components.buttons.buttons.access', 'Can access components/buttons page.');
INSERT INTO core_ui_security.application_privilege (id, name, description) VALUES (19, 'components.buttons.brandbuttons.access', 'Can access components/brandbuttons page.');
INSERT INTO core_ui_security.application_privilege (id, name, description) VALUES (20, 'components.buttons.buttonsgroup.access', 'Can access components/buttonsgroup page.');
INSERT INTO core_ui_security.application_privilege (id, name, description) VALUES (21, 'components.buttons.buttondropdowns.access', 'Can access components/buttondropdowns page.');
INSERT INTO core_ui_security.application_privilege (id, name, description) VALUES (22, 'components.buttons.loadingbuttons.access', 'Can access components/loadingbuttons page.');
INSERT INTO core_ui_security.application_privilege (id, name, description) VALUES (23, 'components.charts.access', 'Can access components/charts page.');
INSERT INTO core_ui_security.application_privilege (id, name, description) VALUES (24, 'components.editors.codeeditors.access', 'Can access components/codeeditors page.');
INSERT INTO core_ui_security.application_privilege (id, name, description) VALUES (25, 'components.editors.texteditors.access', 'Can access components/texteditors page.');
INSERT INTO core_ui_security.application_privilege (id, name, description) VALUES (26, 'components.forms.basicforms.access', 'Can access components/basicforms page.');
INSERT INTO core_ui_security.application_privilege (id, name, description) VALUES (27, 'components.forms.advancedforms.access', 'Can access components/advancedforms page.');
INSERT INTO core_ui_security.application_privilege (id, name, description) VALUES (28, 'components.forms.validation.access', 'Can access components/validation page.');
INSERT INTO core_ui_security.application_privilege (id, name, description) VALUES (29, 'components.googlemaps.access', 'Can access components/googlemaps page.');
INSERT INTO core_ui_security.application_privilege (id, name, description) VALUES (30, 'components.icons.coreuiicons.access', 'Can access components/coreuiicons page.');
INSERT INTO core_ui_security.application_privilege (id, name, description) VALUES (31, 'components.icons.flags.access', 'Can access components/flags page.');
INSERT INTO core_ui_security.application_privilege (id, name, description) VALUES (32, 'components.icons.fontawesome.access', 'Can access components/fontawesome page.');
INSERT INTO core_ui_security.application_privilege (id, name, description) VALUES (33, 'components.icons.simplelineicons.access', 'Can access components/simplelineicons page.');
INSERT INTO core_ui_security.application_privilege (id, name, description) VALUES (34, 'components.notifications.alerts.access', 'Can access components/alerts page.');
INSERT INTO core_ui_security.application_privilege (id, name, description) VALUES (35, 'components.notifications.badges.access', 'Can access components/badges page.');
INSERT INTO core_ui_security.application_privilege (id, name, description) VALUES (36, 'components.notifications.modals.access', 'Can access components/modals page.');
INSERT INTO core_ui_security.application_privilege (id, name, description) VALUES (37, 'components.notifications.toastr.access', 'Can access components/toastr page.');
INSERT INTO core_ui_security.application_privilege (id, name, description) VALUES (38, 'components.plugins.draggable.access', 'Can access components/draggable page.');
INSERT INTO core_ui_security.application_privilege (id, name, description) VALUES (39, 'components.plugins.calendar.access', 'Can access components/calendar page.');
INSERT INTO core_ui_security.application_privilege (id, name, description) VALUES (40, 'components.plugins.spinners.access', 'Can access components/spinners page.');
INSERT INTO core_ui_security.application_privilege (id, name, description) VALUES (41, 'components.tables.datatable.access', 'Can access components/datatable page.');
INSERT INTO core_ui_security.application_privilege (id, name, description) VALUES (42, 'components.tables.tables.access', 'Can access components/tables page.');
INSERT INTO core_ui_security.application_privilege (id, name, description) VALUES (43, 'components.widgets.access', 'Can access components/widgets page.');
INSERT INTO core_ui_security.application_privilege (id, name, description) VALUES (44, 'extras.pages.login.access', 'Can access extras/login page.');
INSERT INTO core_ui_security.application_privilege (id, name, description) VALUES (45, 'extras.pages.register.access', 'Can access extras/register page.');
INSERT INTO core_ui_security.application_privilege (id, name, description) VALUES (46, 'extras.pages.error404.access', 'Can access extras/error404 page.');
INSERT INTO core_ui_security.application_privilege (id, name, description) VALUES (47, 'extras.pages.error500.access', 'Can access extras/error500 page.');
INSERT INTO core_ui_security.application_privilege (id, name, description) VALUES (48, 'extras.apps.invoicing.invoice.access', 'Can access extras/invoice page.');
INSERT INTO core_ui_security.application_privilege (id, name, description) VALUES (49, 'extras.apps.email.inbox.access', 'Can access extras/emailinbox page.');
INSERT INTO core_ui_security.application_privilege (id, name, description) VALUES (50, 'extras.apps.email.message.access', 'Can access extras/emailmessage page.');
INSERT INTO core_ui_security.application_privilege (id, name, description) VALUES (51, 'extras.apps.email.compose.access', 'Can access extras/emailcompose page.');
INSERT INTO core_ui_security.application_privilege (id, name, description) VALUES (52, 'labels.access', 'Can access labels page.');
INSERT INTO core_ui_security.application_privilege (id, name, description) VALUES (53, 'users.access', 'Can access users page.');
INSERT INTO core_ui_security.application_privilege (id, name, description) VALUES (55, 'users.create', 'Can create users.');
INSERT INTO core_ui_security.application_privilege (id, name, description) VALUES (56, 'users.read', 'Can read users.');
INSERT INTO core_ui_security.application_privilege (id, name, description) VALUES (57, 'users.update', 'Can edit users.');
INSERT INTO core_ui_security.application_privilege (id, name, description) VALUES (58, 'users.delete', 'Can delete users.');
INSERT INTO core_ui_security.application_privilege (id, name, description) VALUES (59, 'users.export', 'Can export users.');
INSERT INTO core_ui_security.application_privilege (id, name, description) VALUES (60, 'users.debug', 'Can see user as object.');
INSERT INTO core_ui_security.application_privilege (id, name, description) VALUES (61, 'updates.access', 'Can read updates/notifications.');
INSERT INTO core_ui_security.application_privilege (id, name, description) VALUES (62, 'updates.serverStatus.access', 'Can read server statistics.');
INSERT INTO core_ui_security.application_privilege (id, name, description) VALUES (63, 'tasks.access', 'Can read tasks.');
INSERT INTO core_ui_security.application_privilege (id, name, description) VALUES (64, 'messages.access', 'Can read messages.');
INSERT INTO core_ui_security.application_privilege (id, name, description) VALUES (65, 'account.settings.profile.access', 'Can read/update user profile.');
INSERT INTO core_ui_security.application_privilege (id, name, description) VALUES (66, 'account.settings.settings.access', 'Can read/update account settings.');
INSERT INTO core_ui_security.application_privilege (id, name, description) VALUES (67, 'account.settings.payments.access', 'Can read/update account payments information.');
INSERT INTO core_ui_security.application_privilege (id, name, description) VALUES (68, 'account.settings.projects.access', 'Can read/update user projects.');
INSERT INTO core_ui_security.application_privilege (id, name, description) VALUES (69, 'account.settings.lockAccount.access', 'Can lock/disable user account.');
INSERT INTO core_ui_security.application_privilege (id, name, description) VALUES (70, 'comments.access', 'Can access comments.');
INSERT INTO core_ui_security.application_privilege (id, name, description) VALUES (71, 'customDropdownMenu.access', 'Can access custom dropdown menu.');
INSERT INTO core_ui_security.application_privilege (id, name, description) VALUES (72, 'reports.datarewards.access', 'Can access Data Rewards report.');
INSERT INTO core_ui_security.application_privilege (id, name, description) VALUES (73, 'reports.datarewards.read', 'Can read/search Data Rewards report data.');
INSERT INTO core_ui_security.application_privilege (id, name, description) VALUES (74, 'reports.datarewards.export', 'Can export Data Rewards report results.');
INSERT INTO core_ui_security.application_privilege (id, name, description) VALUES (75, 'dashboarddemo.access', 'Can access dashboard demo.');
INSERT INTO core_ui_security.application_privilege (id, name, description) VALUES (76, 'asideMenu.access', 'Can access right menu.');
INSERT INTO core_ui_security.application_privilege (id, name, description) VALUES (77, 'roles.access', 'Can access roles page.');
INSERT INTO core_ui_security.application_privilege (id, name, description) VALUES (78, 'roles.create', 'Can create roles.');
INSERT INTO core_ui_security.application_privilege (id, name, description) VALUES (79, 'roles.read', 'Can read roles.');
INSERT INTO core_ui_security.application_privilege (id, name, description) VALUES (80, 'roles.update', 'Can edit roles.');
INSERT INTO core_ui_security.application_privilege (id, name, description) VALUES (81, 'roles.delete', 'Can delete roles.');
INSERT INTO core_ui_security.application_privilege (id, name, description) VALUES (82, 'roles.export', 'Can export roles.');
INSERT INTO core_ui_security.application_privilege (id, name, description) VALUES (83, 'roles.debug', 'Can see role as JSON string.');
INSERT INTO core_ui_security.application_privilege_category (id, name, description) VALUES (1, 'General', 'Permisos de caracter general.');
INSERT INTO core_ui_security.application_privilege_category (id, name, description) VALUES (2, 'Configuración', 'Permisos para configurar el sistema.');
INSERT INTO core_ui_security.application_privilege_category (id, name, description) VALUES (3, 'Usuarios', 'Permisos para gestioar usuarios.');
INSERT INTO core_ui_security.application_privilege_category (id, name, description) VALUES (4, 'Roles', 'Permisos para gestionar roles y permisos.');
INSERT INTO core_ui_security.application_privilege_category (id, name, description) VALUES (5, 'Reportes', 'Permisos para acceder a reportes.');
INSERT INTO core_ui_security.application_privilege_category (id, name, description) VALUES (6, 'Componentes CoreUI', 'Permisos para acceder a componentes de la interfaz grafica del sistema.');
INSERT INTO core_ui_security.application_privilege_category (id, name, description) VALUES (7, 'Plantilla CoreUI', 'Permisos para acceder a elementos de la plantilla del sistema.');
INSERT INTO core_ui_security.application_privilege_category (id, name, description) VALUES (8, 'Catálogos', 'Permisos para gestionar los catálogos del sistema.');
INSERT INTO core_ui_security.application_privilege_category (id, name, description) VALUES (9, 'Otros', 'Permisos que no pueden clasificarse en ninguna de las categorias anteriores.');
INSERT INTO core_ui_security.application_privilege_rel_authority (privilege, authority) VALUES (2, 2);
INSERT INTO core_ui_security.application_privilege_rel_authority (privilege, authority) VALUES (3, 2);
INSERT INTO core_ui_security.application_privilege_rel_authority (privilege, authority) VALUES (4, 2);
INSERT INTO core_ui_security.application_privilege_rel_authority (privilege, authority) VALUES (5, 2);
INSERT INTO core_ui_security.application_privilege_rel_authority (privilege, authority) VALUES (6, 2);
INSERT INTO core_ui_security.application_privilege_rel_authority (privilege, authority) VALUES (7, 2);
INSERT INTO core_ui_security.application_privilege_rel_authority (privilege, authority) VALUES (8, 2);
INSERT INTO core_ui_security.application_privilege_rel_authority (privilege, authority) VALUES (9, 2);
INSERT INTO core_ui_security.application_privilege_rel_authority (privilege, authority) VALUES (10, 2);
INSERT INTO core_ui_security.application_privilege_rel_authority (privilege, authority) VALUES (11, 2);
INSERT INTO core_ui_security.application_privilege_rel_authority (privilege, authority) VALUES (12, 2);
INSERT INTO core_ui_security.application_privilege_rel_authority (privilege, authority) VALUES (13, 2);
INSERT INTO core_ui_security.application_privilege_rel_authority (privilege, authority) VALUES (14, 2);
INSERT INTO core_ui_security.application_privilege_rel_authority (privilege, authority) VALUES (15, 2);
INSERT INTO core_ui_security.application_privilege_rel_authority (privilege, authority) VALUES (16, 2);
INSERT INTO core_ui_security.application_privilege_rel_authority (privilege, authority) VALUES (17, 2);
INSERT INTO core_ui_security.application_privilege_rel_authority (privilege, authority) VALUES (18, 2);
INSERT INTO core_ui_security.application_privilege_rel_authority (privilege, authority) VALUES (19, 2);
INSERT INTO core_ui_security.application_privilege_rel_authority (privilege, authority) VALUES (20, 2);
INSERT INTO core_ui_security.application_privilege_rel_authority (privilege, authority) VALUES (21, 2);
INSERT INTO core_ui_security.application_privilege_rel_authority (privilege, authority) VALUES (22, 2);
INSERT INTO core_ui_security.application_privilege_rel_authority (privilege, authority) VALUES (23, 2);
INSERT INTO core_ui_security.application_privilege_rel_authority (privilege, authority) VALUES (24, 2);
INSERT INTO core_ui_security.application_privilege_rel_authority (privilege, authority) VALUES (25, 2);
INSERT INTO core_ui_security.application_privilege_rel_authority (privilege, authority) VALUES (26, 2);
INSERT INTO core_ui_security.application_privilege_rel_authority (privilege, authority) VALUES (27, 2);
INSERT INTO core_ui_security.application_privilege_rel_authority (privilege, authority) VALUES (28, 2);
INSERT INTO core_ui_security.application_privilege_rel_authority (privilege, authority) VALUES (29, 2);
INSERT INTO core_ui_security.application_privilege_rel_authority (privilege, authority) VALUES (30, 2);
INSERT INTO core_ui_security.application_privilege_rel_authority (privilege, authority) VALUES (31, 2);
INSERT INTO core_ui_security.application_privilege_rel_authority (privilege, authority) VALUES (32, 2);
INSERT INTO core_ui_security.application_privilege_rel_authority (privilege, authority) VALUES (33, 2);
INSERT INTO core_ui_security.application_privilege_rel_authority (privilege, authority) VALUES (34, 2);
INSERT INTO core_ui_security.application_privilege_rel_authority (privilege, authority) VALUES (35, 2);
INSERT INTO core_ui_security.application_privilege_rel_authority (privilege, authority) VALUES (36, 2);
INSERT INTO core_ui_security.application_privilege_rel_authority (privilege, authority) VALUES (37, 2);
INSERT INTO core_ui_security.application_privilege_rel_authority (privilege, authority) VALUES (38, 2);
INSERT INTO core_ui_security.application_privilege_rel_authority (privilege, authority) VALUES (39, 2);
INSERT INTO core_ui_security.application_privilege_rel_authority (privilege, authority) VALUES (40, 2);
INSERT INTO core_ui_security.application_privilege_rel_authority (privilege, authority) VALUES (41, 2);
INSERT INTO core_ui_security.application_privilege_rel_authority (privilege, authority) VALUES (42, 2);
INSERT INTO core_ui_security.application_privilege_rel_authority (privilege, authority) VALUES (43, 2);
INSERT INTO core_ui_security.application_privilege_rel_authority (privilege, authority) VALUES (44, 2);
INSERT INTO core_ui_security.application_privilege_rel_authority (privilege, authority) VALUES (45, 2);
INSERT INTO core_ui_security.application_privilege_rel_authority (privilege, authority) VALUES (46, 2);
INSERT INTO core_ui_security.application_privilege_rel_authority (privilege, authority) VALUES (47, 2);
INSERT INTO core_ui_security.application_privilege_rel_authority (privilege, authority) VALUES (48, 2);
INSERT INTO core_ui_security.application_privilege_rel_authority (privilege, authority) VALUES (49, 2);
INSERT INTO core_ui_security.application_privilege_rel_authority (privilege, authority) VALUES (50, 2);
INSERT INTO core_ui_security.application_privilege_rel_authority (privilege, authority) VALUES (51, 2);
INSERT INTO core_ui_security.application_privilege_rel_authority (privilege, authority) VALUES (52, 2);
INSERT INTO core_ui_security.application_privilege_rel_authority (privilege, authority) VALUES (61, 2);
INSERT INTO core_ui_security.application_privilege_rel_authority (privilege, authority) VALUES (62, 2);
INSERT INTO core_ui_security.application_privilege_rel_authority (privilege, authority) VALUES (63, 2);
INSERT INTO core_ui_security.application_privilege_rel_authority (privilege, authority) VALUES (64, 2);
INSERT INTO core_ui_security.application_privilege_rel_authority (privilege, authority) VALUES (65, 2);
INSERT INTO core_ui_security.application_privilege_rel_authority (privilege, authority) VALUES (66, 2);
INSERT INTO core_ui_security.application_privilege_rel_authority (privilege, authority) VALUES (67, 2);
INSERT INTO core_ui_security.application_privilege_rel_authority (privilege, authority) VALUES (68, 2);
INSERT INTO core_ui_security.application_privilege_rel_authority (privilege, authority) VALUES (69, 2);
INSERT INTO core_ui_security.application_privilege_rel_authority (privilege, authority) VALUES (70, 2);
INSERT INTO core_ui_security.application_privilege_rel_authority (privilege, authority) VALUES (71, 2);
INSERT INTO core_ui_security.application_privilege_rel_authority (privilege, authority) VALUES (75, 2);
INSERT INTO core_ui_security.application_privilege_rel_authority (privilege, authority) VALUES (76, 2);
INSERT INTO core_ui_security.application_privilege_rel_authority (privilege, authority) VALUES (1, 3);
INSERT INTO core_ui_security.application_privilege_rel_authority (privilege, authority) VALUES (53, 3);
INSERT INTO core_ui_security.application_privilege_rel_authority (privilege, authority) VALUES (55, 3);
INSERT INTO core_ui_security.application_privilege_rel_authority (privilege, authority) VALUES (56, 3);
INSERT INTO core_ui_security.application_privilege_rel_authority (privilege, authority) VALUES (57, 3);
INSERT INTO core_ui_security.application_privilege_rel_authority (privilege, authority) VALUES (58, 3);
INSERT INTO core_ui_security.application_privilege_rel_authority (privilege, authority) VALUES (59, 3);
INSERT INTO core_ui_security.application_privilege_rel_authority (privilege, authority) VALUES (60, 3);
INSERT INTO core_ui_security.application_privilege_rel_authority (privilege, authority) VALUES (77, 3);
INSERT INTO core_ui_security.application_privilege_rel_authority (privilege, authority) VALUES (78, 3);
INSERT INTO core_ui_security.application_privilege_rel_authority (privilege, authority) VALUES (79, 3);
INSERT INTO core_ui_security.application_privilege_rel_authority (privilege, authority) VALUES (80, 3);
INSERT INTO core_ui_security.application_privilege_rel_authority (privilege, authority) VALUES (81, 3);
INSERT INTO core_ui_security.application_privilege_rel_authority (privilege, authority) VALUES (82, 3);
INSERT INTO core_ui_security.application_privilege_rel_authority (privilege, authority) VALUES (83, 3);
INSERT INTO core_ui_security.application_privilege_rel_authority (privilege, authority) VALUES (1, 4);
INSERT INTO core_ui_security.application_privilege_rel_authority (privilege, authority) VALUES (72, 4);
INSERT INTO core_ui_security.application_privilege_rel_authority (privilege, authority) VALUES (73, 4);
INSERT INTO core_ui_security.application_privilege_rel_authority (privilege, authority) VALUES (74, 4);
INSERT INTO core_ui_security.application_privilege_rel_category (privilege, category) VALUES (1, 1);
INSERT INTO core_ui_security.application_privilege_rel_category (privilege, category) VALUES (53, 3);
INSERT INTO core_ui_security.application_privilege_rel_category (privilege, category) VALUES (55, 3);
INSERT INTO core_ui_security.application_privilege_rel_category (privilege, category) VALUES (56, 3);
INSERT INTO core_ui_security.application_privilege_rel_category (privilege, category) VALUES (57, 3);
INSERT INTO core_ui_security.application_privilege_rel_category (privilege, category) VALUES (58, 3);
INSERT INTO core_ui_security.application_privilege_rel_category (privilege, category) VALUES (59, 3);
INSERT INTO core_ui_security.application_privilege_rel_category (privilege, category) VALUES (60, 3);
INSERT INTO core_ui_security.application_privilege_rel_category (privilege, category) VALUES (77, 4);
INSERT INTO core_ui_security.application_privilege_rel_category (privilege, category) VALUES (78, 4);
INSERT INTO core_ui_security.application_privilege_rel_category (privilege, category) VALUES (79, 4);
INSERT INTO core_ui_security.application_privilege_rel_category (privilege, category) VALUES (80, 4);
INSERT INTO core_ui_security.application_privilege_rel_category (privilege, category) VALUES (81, 4);
INSERT INTO core_ui_security.application_privilege_rel_category (privilege, category) VALUES (82, 4);
INSERT INTO core_ui_security.application_privilege_rel_category (privilege, category) VALUES (83, 4);
INSERT INTO core_ui_security.application_privilege_rel_category (privilege, category) VALUES (72, 5);
INSERT INTO core_ui_security.application_privilege_rel_category (privilege, category) VALUES (73, 5);
INSERT INTO core_ui_security.application_privilege_rel_category (privilege, category) VALUES (74, 5);
INSERT INTO core_ui_security.application_privilege_rel_category (privilege, category) VALUES (2, 6);
INSERT INTO core_ui_security.application_privilege_rel_category (privilege, category) VALUES (3, 6);
INSERT INTO core_ui_security.application_privilege_rel_category (privilege, category) VALUES (4, 6);
INSERT INTO core_ui_security.application_privilege_rel_category (privilege, category) VALUES (5, 6);
INSERT INTO core_ui_security.application_privilege_rel_category (privilege, category) VALUES (6, 6);
INSERT INTO core_ui_security.application_privilege_rel_category (privilege, category) VALUES (7, 6);
INSERT INTO core_ui_security.application_privilege_rel_category (privilege, category) VALUES (8, 6);
INSERT INTO core_ui_security.application_privilege_rel_category (privilege, category) VALUES (9, 6);
INSERT INTO core_ui_security.application_privilege_rel_category (privilege, category) VALUES (10, 6);
INSERT INTO core_ui_security.application_privilege_rel_category (privilege, category) VALUES (11, 6);
INSERT INTO core_ui_security.application_privilege_rel_category (privilege, category) VALUES (12, 6);
INSERT INTO core_ui_security.application_privilege_rel_category (privilege, category) VALUES (13, 6);
INSERT INTO core_ui_security.application_privilege_rel_category (privilege, category) VALUES (14, 6);
INSERT INTO core_ui_security.application_privilege_rel_category (privilege, category) VALUES (15, 6);
INSERT INTO core_ui_security.application_privilege_rel_category (privilege, category) VALUES (16, 6);
INSERT INTO core_ui_security.application_privilege_rel_category (privilege, category) VALUES (17, 6);
INSERT INTO core_ui_security.application_privilege_rel_category (privilege, category) VALUES (18, 6);
INSERT INTO core_ui_security.application_privilege_rel_category (privilege, category) VALUES (19, 6);
INSERT INTO core_ui_security.application_privilege_rel_category (privilege, category) VALUES (20, 6);
INSERT INTO core_ui_security.application_privilege_rel_category (privilege, category) VALUES (21, 6);
INSERT INTO core_ui_security.application_privilege_rel_category (privilege, category) VALUES (22, 6);
INSERT INTO core_ui_security.application_privilege_rel_category (privilege, category) VALUES (23, 6);
INSERT INTO core_ui_security.application_privilege_rel_category (privilege, category) VALUES (24, 6);
INSERT INTO core_ui_security.application_privilege_rel_category (privilege, category) VALUES (25, 6);
INSERT INTO core_ui_security.application_privilege_rel_category (privilege, category) VALUES (26, 6);
INSERT INTO core_ui_security.application_privilege_rel_category (privilege, category) VALUES (27, 6);
INSERT INTO core_ui_security.application_privilege_rel_category (privilege, category) VALUES (28, 6);
INSERT INTO core_ui_security.application_privilege_rel_category (privilege, category) VALUES (29, 6);
INSERT INTO core_ui_security.application_privilege_rel_category (privilege, category) VALUES (30, 6);
INSERT INTO core_ui_security.application_privilege_rel_category (privilege, category) VALUES (31, 6);
INSERT INTO core_ui_security.application_privilege_rel_category (privilege, category) VALUES (32, 6);
INSERT INTO core_ui_security.application_privilege_rel_category (privilege, category) VALUES (33, 6);
INSERT INTO core_ui_security.application_privilege_rel_category (privilege, category) VALUES (34, 6);
INSERT INTO core_ui_security.application_privilege_rel_category (privilege, category) VALUES (35, 6);
INSERT INTO core_ui_security.application_privilege_rel_category (privilege, category) VALUES (36, 6);
INSERT INTO core_ui_security.application_privilege_rel_category (privilege, category) VALUES (37, 6);
INSERT INTO core_ui_security.application_privilege_rel_category (privilege, category) VALUES (38, 6);
INSERT INTO core_ui_security.application_privilege_rel_category (privilege, category) VALUES (39, 6);
INSERT INTO core_ui_security.application_privilege_rel_category (privilege, category) VALUES (40, 6);
INSERT INTO core_ui_security.application_privilege_rel_category (privilege, category) VALUES (41, 6);
INSERT INTO core_ui_security.application_privilege_rel_category (privilege, category) VALUES (42, 6);
INSERT INTO core_ui_security.application_privilege_rel_category (privilege, category) VALUES (43, 6);
INSERT INTO core_ui_security.application_privilege_rel_category (privilege, category) VALUES (44, 6);
INSERT INTO core_ui_security.application_privilege_rel_category (privilege, category) VALUES (45, 6);
INSERT INTO core_ui_security.application_privilege_rel_category (privilege, category) VALUES (46, 6);
INSERT INTO core_ui_security.application_privilege_rel_category (privilege, category) VALUES (47, 6);
INSERT INTO core_ui_security.application_privilege_rel_category (privilege, category) VALUES (48, 6);
INSERT INTO core_ui_security.application_privilege_rel_category (privilege, category) VALUES (49, 6);
INSERT INTO core_ui_security.application_privilege_rel_category (privilege, category) VALUES (50, 6);
INSERT INTO core_ui_security.application_privilege_rel_category (privilege, category) VALUES (51, 6);
INSERT INTO core_ui_security.application_privilege_rel_category (privilege, category) VALUES (52, 6);
INSERT INTO core_ui_security.application_privilege_rel_category (privilege, category) VALUES (75, 6);
INSERT INTO core_ui_security.application_privilege_rel_category (privilege, category) VALUES (76, 6);
INSERT INTO core_ui_security.application_privilege_rel_category (privilege, category) VALUES (61, 7);
INSERT INTO core_ui_security.application_privilege_rel_category (privilege, category) VALUES (63, 7);
INSERT INTO core_ui_security.application_privilege_rel_category (privilege, category) VALUES (64, 7);
INSERT INTO core_ui_security.application_privilege_rel_category (privilege, category) VALUES (65, 7);
INSERT INTO core_ui_security.application_privilege_rel_category (privilege, category) VALUES (67, 7);
INSERT INTO core_ui_security.application_privilege_rel_category (privilege, category) VALUES (68, 7);
INSERT INTO core_ui_security.application_privilege_rel_category (privilege, category) VALUES (69, 7);
INSERT INTO core_ui_security.application_privilege_rel_category (privilege, category) VALUES (70, 7);
INSERT INTO core_ui_security.application_privilege_rel_category (privilege, category) VALUES (71, 7);
INSERT INTO core_ui_security.application_privilege_rel_user (privilege, user) VALUES (1, 12);
INSERT INTO core_ui_security.application_privilege_rel_user (privilege, user) VALUES (56, 12);
INSERT INTO core_ui_security.application_privilege_rel_user (privilege, user) VALUES (72, 12);
INSERT INTO core_ui_security.application_privilege_rel_user (privilege, user) VALUES (73, 12);
INSERT INTO core_ui_security.application_privilege_rel_user (privilege, user) VALUES (74, 12);
INSERT INTO core_ui_security.application_privilege_rel_user (privilege, user) VALUES (1, 13);
INSERT INTO core_ui_security.application_privilege_rel_user (privilege, user) VALUES (2, 13);
INSERT INTO core_ui_security.application_privilege_rel_user (privilege, user) VALUES (3, 13);
INSERT INTO core_ui_security.application_privilege_rel_user (privilege, user) VALUES (4, 13);
INSERT INTO core_ui_security.application_privilege_rel_user (privilege, user) VALUES (5, 13);
INSERT INTO core_ui_security.application_privilege_rel_user (privilege, user) VALUES (6, 13);
INSERT INTO core_ui_security.application_privilege_rel_user (privilege, user) VALUES (7, 13);
INSERT INTO core_ui_security.application_privilege_rel_user (privilege, user) VALUES (8, 13);
INSERT INTO core_ui_security.application_privilege_rel_user (privilege, user) VALUES (9, 13);
INSERT INTO core_ui_security.application_privilege_rel_user (privilege, user) VALUES (10, 13);
INSERT INTO core_ui_security.application_privilege_rel_user (privilege, user) VALUES (11, 13);
INSERT INTO core_ui_security.application_privilege_rel_user (privilege, user) VALUES (12, 13);
INSERT INTO core_ui_security.application_privilege_rel_user (privilege, user) VALUES (13, 13);
INSERT INTO core_ui_security.application_privilege_rel_user (privilege, user) VALUES (14, 13);
INSERT INTO core_ui_security.application_privilege_rel_user (privilege, user) VALUES (15, 13);
INSERT INTO core_ui_security.application_privilege_rel_user (privilege, user) VALUES (16, 13);
INSERT INTO core_ui_security.application_privilege_rel_user (privilege, user) VALUES (17, 13);
INSERT INTO core_ui_security.application_privilege_rel_user (privilege, user) VALUES (18, 13);
INSERT INTO core_ui_security.application_privilege_rel_user (privilege, user) VALUES (19, 13);
INSERT INTO core_ui_security.application_privilege_rel_user (privilege, user) VALUES (20, 13);
INSERT INTO core_ui_security.application_privilege_rel_user (privilege, user) VALUES (21, 13);
INSERT INTO core_ui_security.application_privilege_rel_user (privilege, user) VALUES (22, 13);
INSERT INTO core_ui_security.application_privilege_rel_user (privilege, user) VALUES (23, 13);
INSERT INTO core_ui_security.application_privilege_rel_user (privilege, user) VALUES (24, 13);
INSERT INTO core_ui_security.application_privilege_rel_user (privilege, user) VALUES (25, 13);
INSERT INTO core_ui_security.application_privilege_rel_user (privilege, user) VALUES (26, 13);
INSERT INTO core_ui_security.application_privilege_rel_user (privilege, user) VALUES (27, 13);
INSERT INTO core_ui_security.application_privilege_rel_user (privilege, user) VALUES (28, 13);
INSERT INTO core_ui_security.application_privilege_rel_user (privilege, user) VALUES (29, 13);
INSERT INTO core_ui_security.application_privilege_rel_user (privilege, user) VALUES (30, 13);
INSERT INTO core_ui_security.application_privilege_rel_user (privilege, user) VALUES (31, 13);
INSERT INTO core_ui_security.application_privilege_rel_user (privilege, user) VALUES (32, 13);
INSERT INTO core_ui_security.application_privilege_rel_user (privilege, user) VALUES (33, 13);
INSERT INTO core_ui_security.application_privilege_rel_user (privilege, user) VALUES (34, 13);
INSERT INTO core_ui_security.application_privilege_rel_user (privilege, user) VALUES (35, 13);
INSERT INTO core_ui_security.application_privilege_rel_user (privilege, user) VALUES (36, 13);
INSERT INTO core_ui_security.application_privilege_rel_user (privilege, user) VALUES (37, 13);
INSERT INTO core_ui_security.application_privilege_rel_user (privilege, user) VALUES (38, 13);
INSERT INTO core_ui_security.application_privilege_rel_user (privilege, user) VALUES (39, 13);
INSERT INTO core_ui_security.application_privilege_rel_user (privilege, user) VALUES (40, 13);
INSERT INTO core_ui_security.application_privilege_rel_user (privilege, user) VALUES (41, 13);
INSERT INTO core_ui_security.application_privilege_rel_user (privilege, user) VALUES (42, 13);
INSERT INTO core_ui_security.application_privilege_rel_user (privilege, user) VALUES (43, 13);
INSERT INTO core_ui_security.application_privilege_rel_user (privilege, user) VALUES (44, 13);
INSERT INTO core_ui_security.application_privilege_rel_user (privilege, user) VALUES (45, 13);
INSERT INTO core_ui_security.application_privilege_rel_user (privilege, user) VALUES (46, 13);
INSERT INTO core_ui_security.application_privilege_rel_user (privilege, user) VALUES (47, 13);
INSERT INTO core_ui_security.application_privilege_rel_user (privilege, user) VALUES (48, 13);
INSERT INTO core_ui_security.application_privilege_rel_user (privilege, user) VALUES (49, 13);
INSERT INTO core_ui_security.application_privilege_rel_user (privilege, user) VALUES (50, 13);
INSERT INTO core_ui_security.application_privilege_rel_user (privilege, user) VALUES (51, 13);
INSERT INTO core_ui_security.application_privilege_rel_user (privilege, user) VALUES (52, 13);
INSERT INTO core_ui_security.application_privilege_rel_user (privilege, user) VALUES (61, 13);
INSERT INTO core_ui_security.application_privilege_rel_user (privilege, user) VALUES (63, 13);
INSERT INTO core_ui_security.application_privilege_rel_user (privilege, user) VALUES (64, 13);
INSERT INTO core_ui_security.application_privilege_rel_user (privilege, user) VALUES (65, 13);
INSERT INTO core_ui_security.application_privilege_rel_user (privilege, user) VALUES (67, 13);
INSERT INTO core_ui_security.application_privilege_rel_user (privilege, user) VALUES (68, 13);
INSERT INTO core_ui_security.application_privilege_rel_user (privilege, user) VALUES (69, 13);
INSERT INTO core_ui_security.application_privilege_rel_user (privilege, user) VALUES (70, 13);
INSERT INTO core_ui_security.application_privilege_rel_user (privilege, user) VALUES (71, 13);
INSERT INTO core_ui_security.application_privilege_rel_user (privilege, user) VALUES (72, 13);
INSERT INTO core_ui_security.application_privilege_rel_user (privilege, user) VALUES (73, 13);
INSERT INTO core_ui_security.application_privilege_rel_user (privilege, user) VALUES (75, 13);
INSERT INTO core_ui_security.application_privilege_rel_user (privilege, user) VALUES (76, 13);
INSERT INTO core_ui_security.application_privilege_rel_user (privilege, user) VALUES (53, 14);
INSERT INTO core_ui_security.application_privilege_rel_user (privilege, user) VALUES (56, 14);
INSERT INTO core_ui_security.application_privilege_rel_user (privilege, user) VALUES (72, 14);
INSERT INTO core_ui_security.application_privilege_rel_user (privilege, user) VALUES (73, 14);
INSERT INTO core_ui_security.application_privilege_rel_user (privilege, user) VALUES (75, 14);
INSERT INTO core_ui_security.application_privilege_rel_user (privilege, user) VALUES (77, 14);
INSERT INTO core_ui_security.application_privilege_rel_user (privilege, user) VALUES (79, 14);
INSERT INTO core_ui_security.application_user (id, first_name, last_name, email, address, phone, birth_date, picture, username, password, password_hint, created_date, created_by, last_modified_date, last_modified_by, enabled, default_system_user, removable) VALUES (1, 'Root', 'Internal User', 'root@datarewards.com', null, '1716', '2019-01-01 00:00:00', null, 'root', '$2a$10$h/xQBmdiK5dfq.de3ammUujIt5rKtPmHX2dASznQy1KuoYEecVg7m', 'one two three four five', '2019-01-18 14:35:13', null, null, null, 1, 1, 0);
INSERT INTO core_ui_security.application_user (id, first_name, last_name, email, address, phone, birth_date, picture, username, password, password_hint, created_date, created_by, last_modified_date, last_modified_by, enabled, default_system_user, removable) VALUES (2, 'Developer', 'Internal User', 'dev@datarewards.com', null, '1716 ext 3', '2019-01-01 00:00:00', null, 'dev', '$2a$10$h/xQBmdiK5dfq.de3ammUujIt5rKtPmHX2dASznQy1KuoYEecVg7m', 'ont two three four five', '2019-01-18 14:35:13', null, null, null, 1, 1, 0);
INSERT INTO core_ui_security.application_user (id, first_name, last_name, email, address, phone, birth_date, picture, username, password, password_hint, created_date, created_by, last_modified_date, last_modified_by, enabled, default_system_user, removable) VALUES (3, 'System', 'Administrator', 'admin@datarewards.com', null, '24711234', '2019-01-05 00:00:00', null, 'admin', '$2a$10$h/xQBmdiK5dfq.de3ammUujIt5rKtPmHX2dASznQy1KuoYEecVg7m', 'ont two three four five', '2019-01-18 14:35:13', 1, null, null, 1, 0, 0);
INSERT INTO core_ui_security.application_user (id, first_name, last_name, email, address, phone, birth_date, picture, username, password, password_hint, created_date, created_by, last_modified_date, last_modified_by, enabled, default_system_user, removable) VALUES (4, 'Operator', 'User', 'user@datarewards.com', null, '(502) 30125466', '2019-01-05 00:00:00', null, 'user', '$2a$10$h/xQBmdiK5dfq.de3ammUujIt5rKtPmHX2dASznQy1KuoYEecVg7m', 'one two three four five', '2019-02-07 09:56:29', 1, '2019-02-12 10:30:54', 2, 1, 0, 0);
INSERT INTO core_ui_security.application_user (id, first_name, last_name, email, address, phone, birth_date, picture, username, password, password_hint, created_date, created_by, last_modified_date, last_modified_by, enabled, default_system_user, removable) VALUES (12, 'Josue', 'Barillas', 'jbarillas@waumovil.com', null, null, null, null, 'jbarillas', '$2a$10$JXKqPrh8XAQbsPUeQT790efArbGB8thhhRpJM1Cm9g2XSOib8OIIW', 'abc', '2019-03-21 09:58:17', 3, '2019-03-22 10:20:08', 3, 1, 0, 0);
INSERT INTO core_ui_security.application_user (id, first_name, last_name, email, address, phone, birth_date, picture, username, password, password_hint, created_date, created_by, last_modified_date, last_modified_by, enabled, default_system_user, removable) VALUES (13, 'Cristian', 'Lucero De la Noche', 'clucero@waumovil.com', 'Ciudad de Guatemala', '52468546', null, null, 'clucero', '$2a$10$6VL4KpCLVtH71lpQixXrUeNG/UO/V.F/0.rRlRQZgO6INpriq7fY6', 'abc', '2019-03-21 09:38:35', 3, null, null, 1, 0, 0);
INSERT INTO core_ui_security.application_user (id, first_name, last_name, email, address, phone, birth_date, picture, username, password, password_hint, created_date, created_by, last_modified_date, last_modified_by, enabled, default_system_user, removable) VALUES (14, 'Saimon', 'Bebe de Luz', 'mmendez@waumovil.com', 'Mixco, Zona 8', '56854568', null, null, 'mmendez', '$2a$10$P5rXYG9MPeVQzWOj0IMoYucRsbwrJxCAa/CBWlgpT8CBeYF8YfLUy', 'abcdef', '2019-03-21 09:38:35', 3, null, null, 1, 0, 0);